Episode,Reward,Average_Reward,Epsilon,Loss
1,67.0,67.0,0.995,0.975618
2,11.0,39.0,0.99003,0.66323
3,17.0,31.67,0.98507,0.229233
4,14.0,27.25,0.98015,0.101766
5,20.0,25.8,0.97525,0.04487
6,27.0,26.0,0.97037,0.023708
7,12.0,24.0,0.96552,0.004602
8,17.0,23.12,0.96069,0.001913
9,11.0,21.78,0.95589,0.001703
10,16.0,21.2,0.95111,0.001396
11,38.0,22.73,0.94635,0.233999
12,27.0,23.08,0.94162,0.042849
13,34.0,23.92,0.93691,0.034173
14,18.0,23.5,0.93223,0.032536
15,34.0,24.2,0.92757,0.033246
16,21.0,24.0,0.92293,0.031804
17,9.0,23.12,0.91832,0.03025
18,13.0,22.56,0.91372,0.031449
19,13.0,22.05,0.90916,0.0305
20,21.0,22.0,0.90461,0.029097
21,15.0,21.67,0.90009,0.443715
22,25.0,21.82,0.89559,0.144281
23,10.0,21.3,0.89111,0.120083
24,10.0,20.83,0.88665,0.095016
25,62.0,22.48,0.88222,0.094105
26,29.0,22.73,0.87781,0.087891
27,20.0,22.63,0.87342,0.085808
28,28.0,22.82,0.86905,0.0874
29,25.0,22.9,0.86471,0.07253
30,41.0,23.5,0.86038,0.076306
31,11.0,23.1,0.85608,0.49917
32,66.0,24.44,0.8518,0.142001
33,95.0,26.58,0.84754,0.122796
34,40.0,26.97,0.84331,0.086748
35,15.0,26.63,0.83909,0.100191
36,16.0,26.33,0.83489,0.104459
37,51.0,27.0,0.83072,0.083113
38,18.0,26.76,0.82657,0.087253
39,19.0,26.56,0.82243,0.128262
40,29.0,26.62,0.81832,0.101759
41,13.0,26.29,0.81423,0.459799
42,13.0,25.98,0.81016,0.140878
43,50.0,26.53,0.80611,0.086968
44,22.0,26.43,0.80208,0.095303
45,10.0,26.07,0.79807,0.076577
46,20.0,25.93,0.79408,0.095845
47,116.0,27.85,0.7901,0.08983
48,26.0,27.81,0.78615,0.082994
49,14.0,27.53,0.78222,0.100489
50,14.0,27.26,0.77831,0.081725
51,25.0,27.22,0.77442,0.279859
52,12.0,26.92,0.77055,0.176975
53,48.0,27.32,0.7667,0.104661
54,43.0,27.61,0.76286,0.12172
55,23.0,27.53,0.75905,0.077253
56,47.0,27.88,0.75525,0.106134
57,55.0,28.35,0.75148,0.083977
58,37.0,28.5,0.74772,0.08958
59,48.0,28.83,0.74398,0.102074
60,68.0,29.48,0.74026,0.08152
61,34.0,29.56,0.73656,0.302541
62,27.0,29.52,0.73288,0.081553
63,71.0,30.17,0.72921,0.134522
64,20.0,30.02,0.72557,0.120406
65,12.0,29.74,0.72194,0.110192
66,40.0,29.89,0.71833,0.13891
67,27.0,29.85,0.71474,0.093986
68,38.0,29.97,0.71116,0.155316
69,58.0,30.38,0.70761,0.121984
70,39.0,30.5,0.70407,0.11382
71,21.0,30.37,0.70055,0.394717
72,65.0,30.85,0.69705,0.158601
73,33.0,30.88,0.69356,0.140938
74,18.0,30.7,0.69009,0.19562
75,19.0,30.55,0.68664,0.188705
76,85.0,31.26,0.68321,0.187536
77,70.0,31.77,0.67979,0.236115
78,92.0,32.54,0.67639,0.163202
79,30.0,32.51,0.67301,0.202264
80,49.0,32.71,0.66965,0.128669
81,17.0,32.52,0.6663,0.641425
82,30.0,32.49,0.66297,0.370125
83,29.0,32.45,0.65965,0.24626
84,71.0,32.9,0.65635,0.296149
85,75.0,33.4,0.65307,0.249484
86,73.0,33.86,0.64981,0.254032
87,29.0,33.8,0.64656,0.238034
88,29.0,33.75,0.64333,0.217811
89,17.0,33.56,0.64011,0.196251
90,44.0,33.68,0.63691,0.181917
91,20.0,33.53,0.63372,0.50982
92,86.0,34.1,0.63056,0.306106
93,42.0,34.18,0.6274,0.372937
94,87.0,34.74,0.62427,0.339778
95,46.0,34.86,0.62114,0.212222
96,30.0,34.81,0.61804,0.224237
97,65.0,35.12,0.61495,0.31124
98,12.0,34.89,0.61187,0.117998
99,13.0,34.67,0.60881,0.528823
100,74.0,35.06,0.60577,0.293472
101,73.0,35.12,0.60274,0.367461
102,19.0,35.2,0.59973,0.154093
103,105.0,36.08,0.59673,0.297416
104,17.0,36.11,0.59375,0.188361
105,52.0,36.43,0.59078,0.347933
106,19.0,36.35,0.58782,0.410837
107,75.0,36.98,0.58488,0.231283
108,26.0,37.07,0.58196,0.373168
109,64.0,37.6,0.57905,0.300153
110,79.0,38.23,0.57615,0.334823
111,15.0,38.0,0.57327,0.492567
112,27.0,38.0,0.57041,0.401493
113,163.0,39.29,0.56756,0.330356
114,32.0,39.43,0.56472,0.260046
115,35.0,39.44,0.56189,0.396585
116,39.0,39.62,0.55908,0.329836
117,60.0,40.13,0.55629,0.393288
118,85.0,40.85,0.55351,0.269728
119,29.0,41.01,0.55074,0.224064
120,67.0,41.47,0.54799,0.415837
121,26.0,41.58,0.54525,0.420582
122,18.0,41.51,0.54252,0.276616
123,127.0,42.68,0.53981,0.266152
124,23.0,42.81,0.53711,0.413871
125,16.0,42.35,0.53442,0.455996
126,70.0,42.76,0.53175,0.259887
127,105.0,43.61,0.52909,0.389332
128,17.0,43.5,0.52645,0.20558
129,12.0,43.37,0.52381,0.171407
130,31.0,43.27,0.5212,0.279348
131,34.0,43.5,0.51859,0.445858
132,31.0,43.15,0.516,0.300179
133,15.0,42.35,0.51342,0.412628
134,20.0,42.15,0.51085,0.531569
135,90.0,42.9,0.5083,0.467191
136,14.0,42.88,0.50575,0.43502
137,89.0,43.26,0.50322,0.33408
138,47.0,43.55,0.50071,0.445091
139,178.0,45.14,0.49821,0.379554
140,14.0,44.99,0.49571,0.694685
141,111.0,45.97,0.49324,0.347684
142,28.0,46.12,0.49077,0.389601
143,21.0,45.83,0.48832,0.264265
144,16.0,45.77,0.48587,0.398335
145,33.0,46.0,0.48344,0.411046
146,96.0,46.76,0.48103,0.401086
147,12.0,45.72,0.47862,0.446181
148,45.0,45.91,0.47623,0.655265
149,38.0,46.15,0.47385,0.33776
150,20.0,46.21,0.47148,0.217206
151,62.0,46.58,0.46912,0.688323
152,126.0,47.72,0.46678,0.582897
153,86.0,48.1,0.46444,0.649476
154,12.0,47.79,0.46212,0.464042
155,59.0,48.15,0.45981,0.494051
156,90.0,48.58,0.45751,0.536035
157,20.0,48.23,0.45522,0.477231
158,148.0,49.34,0.45295,0.468637
159,70.0,49.56,0.45068,0.457158
160,80.0,49.68,0.44843,0.404988
161,83.0,50.17,0.44619,0.728218
162,44.0,50.34,0.44396,0.598442
163,35.0,49.98,0.44174,0.697011
164,70.0,50.48,0.43953,0.677481
165,25.0,50.61,0.43733,0.735985
166,105.0,51.26,0.43514,0.634685
167,46.0,51.45,0.43297,0.37423
168,21.0,51.28,0.4308,0.347419
169,19.0,50.89,0.42865,0.324993
170,158.0,52.08,0.4265,0.762319
171,69.0,52.56,0.42437,0.599866
172,15.0,52.06,0.42225,0.746257
173,14.0,51.87,0.42014,0.456945
174,32.0,52.01,0.41804,0.641582
175,22.0,52.04,0.41595,0.480525
176,62.0,51.81,0.41387,0.891903
177,95.0,52.06,0.4118,0.768462
178,26.0,51.4,0.40974,0.685514
179,20.0,51.3,0.40769,1.05105
180,52.0,51.33,0.40565,0.899742
181,85.0,52.01,0.40362,0.728607
182,11.0,51.82,0.40161,1.180158
183,19.0,51.72,0.3996,0.335264
184,104.0,52.05,0.3976,0.724667
185,28.0,51.58,0.39561,0.753792
186,15.0,51.0,0.39363,1.07679
187,67.0,51.38,0.39167,1.326955
188,11.0,51.2,0.38971,1.240593
189,54.0,51.57,0.38776,0.931209
190,53.0,51.66,0.38582,1.307177
191,74.0,52.2,0.38389,0.806121
192,23.0,51.57,0.38197,0.920439
193,14.0,51.29,0.38006,1.325611
194,109.0,51.51,0.37816,0.920943
195,13.0,51.18,0.37627,0.908877
196,114.0,52.02,0.37439,0.698341
197,112.0,52.49,0.37252,0.723342
198,13.0,52.5,0.37066,0.473866
199,43.0,52.8,0.3688,0.549687
200,67.0,52.73,0.36696,0.607857
201,115.0,53.15,0.36512,0.911603
202,170.0,54.66,0.3633,0.806991
203,33.0,53.94,0.36148,0.929778
204,17.0,53.94,0.35967,0.469075
205,15.0,53.57,0.35788,0.765336
206,76.0,54.14,0.35609,0.430455
207,17.0,53.56,0.35431,0.65069
208,137.0,54.67,0.35253,0.903375
209,55.0,54.58,0.35077,0.670178
210,112.0,54.91,0.34902,0.631514
211,40.0,55.16,0.34727,0.894627
212,16.0,55.05,0.34554,1.563251
213,28.0,53.7,0.34381,1.061043
214,26.0,53.64,0.34209,0.807448
215,143.0,54.72,0.34038,0.711689
216,33.0,54.66,0.33868,0.845163
217,147.0,55.53,0.33698,0.792973
218,18.0,54.86,0.3353,1.573653
219,25.0,54.82,0.33362,1.179547
220,24.0,54.39,0.33195,0.546629
221,115.0,55.28,0.33029,0.844926
222,14.0,55.24,0.32864,1.78516
223,91.0,54.88,0.327,1.24175
224,61.0,55.26,0.32536,0.91111
225,36.0,55.46,0.32374,1.066098
226,17.0,54.93,0.32212,0.401613
227,17.0,54.05,0.32051,1.049066
228,17.0,54.05,0.31891,0.316332
229,115.0,55.08,0.31731,0.839496
230,120.0,55.97,0.31572,1.229572
231,15.0,55.78,0.31415,1.408387
232,18.0,55.65,0.31258,0.98604
233,21.0,55.71,0.31101,0.548161
234,23.0,55.74,0.30946,1.33466
235,113.0,55.97,0.30791,1.251855
236,174.0,57.57,0.30637,1.136915
237,66.0,57.34,0.30484,1.48049
238,57.0,57.44,0.30331,1.209287
239,69.0,56.35,0.3018,1.133127
240,24.0,56.45,0.30029,0.729474
241,23.0,55.57,0.29879,1.076191
242,73.0,56.02,0.29729,1.32937
243,53.0,56.34,0.29581,1.400944
244,68.0,56.86,0.29433,0.962449
245,47.0,57.0,0.29286,1.035136
246,48.0,56.52,0.29139,1.454573
247,95.0,57.35,0.28994,1.439466
248,17.0,57.07,0.28849,1.111953
249,23.0,56.92,0.28704,0.870107
250,121.0,57.93,0.28561,1.149557
251,24.0,57.55,0.28418,1.222155
252,54.0,56.83,0.28276,1.675996
253,57.0,56.54,0.28135,1.412852
254,175.0,58.17,0.27994,1.431605
255,114.0,58.72,0.27854,1.357531
256,85.0,58.67,0.27715,1.617065
257,92.0,59.39,0.27576,1.501966
258,15.0,58.06,0.27438,1.644968
259,89.0,58.25,0.27301,1.039461
260,142.0,58.87,0.27164,1.42544
261,120.0,59.24,0.27029,1.339471
262,76.0,59.56,0.26893,1.422136
263,187.0,61.08,0.26759,1.089236
264,137.0,61.75,0.26625,1.588737
265,239.0,63.89,0.26492,1.003178
266,59.0,63.43,0.2636,1.475474
267,224.0,65.21,0.26228,0.858246
268,164.0,66.64,0.26097,1.112906
269,125.0,67.7,0.25966,1.2106
270,29.0,66.41,0.25836,1.401543
271,183.0,67.55,0.25707,1.285188
272,13.0,67.53,0.25579,0.820161
273,53.0,67.92,0.25451,1.03284
274,173.0,69.33,0.25324,1.224836
275,32.0,69.43,0.25197,0.977276
276,161.0,70.42,0.25071,1.04618
277,149.0,70.96,0.24946,1.371366
278,195.0,72.65,0.24821,0.959165
279,160.0,74.05,0.24697,1.117871
280,49.0,74.02,0.24573,1.24717
281,379.0,76.96,0.2445,1.201743
282,153.0,78.38,0.24328,1.31658
283,181.0,80.0,0.24206,1.430482
284,41.0,79.37,0.24085,1.183735
285,16.0,79.25,0.23965,0.363613
286,211.0,81.21,0.23845,1.056219
287,8.0,80.62,0.23726,0.676255
288,46.0,80.97,0.23607,1.15307
289,11.0,80.54,0.23489,2.228608
290,57.0,80.58,0.23372,0.827747
291,109.0,80.93,0.23255,1.377407
292,174.0,82.44,0.23139,1.265706
293,96.0,83.26,0.23023,1.714529
294,34.0,82.51,0.22908,1.444304
295,175.0,84.13,0.22793,1.472816
296,118.0,84.17,0.22679,1.340267
297,71.0,83.76,0.22566,1.044441
298,111.0,84.74,0.22453,1.43146
299,100.0,85.31,0.22341,1.622068
300,201.0,86.65,0.22229,1.100311
301,84.0,86.34,0.22118,1.314572
302,206.0,86.7,0.22007,1.254912
303,259.0,88.96,0.21897,1.652105
304,322.0,92.01,0.21788,1.484887
305,277.0,94.63,0.21679,1.660693
306,14.0,94.01,0.21571,0.330457
307,69.0,94.53,0.21463,1.781132
308,138.0,94.54,0.21355,1.370415
309,391.0,97.9,0.21249,1.48778
310,368.0,100.46,0.21142,1.475992
311,127.0,101.33,0.21037,1.559178
312,188.0,103.05,0.20932,1.543518
313,209.0,104.86,0.20827,1.037733
314,164.0,106.24,0.20723,1.386101
315,98.0,105.79,0.20619,1.277209
316,259.0,108.05,0.20516,1.240743
317,98.0,107.56,0.20413,1.256918
318,264.0,110.02,0.20311,1.504927
319,52.0,110.29,0.2021,1.039693
320,201.0,112.06,0.20109,1.170366
321,166.0,112.57,0.20008,1.472398
322,182.0,114.25,0.19908,1.010237
323,138.0,114.72,0.19809,1.307908
324,203.0,116.14,0.1971,1.303675
325,224.0,118.02,0.19611,1.087299
326,171.0,119.56,0.19513,1.151857
327,305.0,122.44,0.19415,1.502159
328,205.0,124.32,0.19318,0.882926
329,218.0,125.35,0.19222,1.152438
330,231.0,126.46,0.19126,1.285721
331,18.0,126.49,0.1903,2.714346
332,89.0,127.2,0.18935,1.117863
333,196.0,128.95,0.1884,1.236445
334,183.0,130.55,0.18746,1.0096
335,153.0,130.95,0.18652,1.376593
336,92.0,130.13,0.18559,1.206869
337,156.0,131.03,0.18466,1.247643
338,51.0,130.97,0.18374,1.832852
339,167.0,131.95,0.18282,1.233402
340,25.0,131.96,0.18191,1.976954
341,161.0,133.34,0.181,1.123632
342,141.0,134.02,0.18009,1.397229
343,76.0,134.25,0.17919,1.728164
344,50.0,134.07,0.1783,1.843372
345,54.0,134.14,0.1774,1.152853
346,12.0,133.78,0.17652,2.636433
347,44.0,133.27,0.17563,1.211827
348,41.0,133.51,0.17476,1.122745
349,174.0,135.02,0.17388,1.439023
350,155.0,135.36,0.17301,1.224993
351,50.0,135.62,0.17215,1.405121
352,196.0,137.04,0.17129,1.594651
353,55.0,137.02,0.17043,1.814189
354,38.0,135.65,0.16958,1.90404
355,158.0,136.09,0.16873,1.2686
356,32.0,135.56,0.16789,1.446582
357,109.0,135.73,0.16705,1.702276
358,34.0,135.92,0.16621,0.673825
359,202.0,137.05,0.16538,1.163925
360,18.0,135.81,0.16455,0.485039
361,167.0,136.28,0.16373,1.610384
362,245.0,137.97,0.16291,1.706956
363,78.0,136.88,0.1621,1.561307
364,268.0,138.19,0.16129,1.272293
365,60.0,136.4,0.16048,1.557336
366,232.0,138.13,0.15968,1.369357
367,187.0,137.76,0.15888,1.150039
368,153.0,137.65,0.15809,1.21441
369,204.0,138.44,0.1573,1.471726
370,154.0,139.69,0.15651,1.181802
371,164.0,139.5,0.15573,1.31988
372,409.0,143.46,0.15495,1.664877
373,276.0,145.69,0.15417,1.122506
374,448.0,148.44,0.1534,1.711058
375,231.0,150.43,0.15264,1.537586
376,289.0,151.71,0.15187,1.686813
377,21.0,150.43,0.15111,1.437095
378,191.0,150.39,0.15036,1.470569
379,146.0,150.25,0.14961,0.88273
380,305.0,152.81,0.14886,1.344061
381,47.0,149.49,0.14811,1.078893
382,22.0,148.18,0.14737,1.943077
383,117.0,147.54,0.14664,1.705208
384,184.0,148.97,0.1459,1.323849
385,172.0,150.53,0.14517,1.404723
386,13.0,148.55,0.14445,2.094395
387,122.0,149.69,0.14372,2.052523
388,140.0,150.63,0.14301,1.041
389,164.0,152.16,0.14229,1.477908
390,170.0,153.29,0.14158,1.307817
391,148.0,153.68,0.14087,1.562639
392,30.0,152.24,0.14017,2.222228
393,267.0,153.95,0.13947,1.555749
394,20.0,153.81,0.13877,0.574862
395,121.0,153.27,0.13808,1.520337
396,113.0,153.22,0.13739,1.657875
397,34.0,152.85,0.1367,1.432174
398,162.0,153.36,0.13601,0.899332
399,51.0,152.87,0.13533,1.180111
400,146.0,152.32,0.13466,1.173552
401,131.0,152.79,0.13398,2.087623
402,223.0,152.96,0.13331,1.510091
403,179.0,152.16,0.13265,1.826365
404,228.0,151.22,0.13199,1.328058
405,53.0,148.98,0.13133,1.00244
406,277.0,151.61,0.13067,1.299321
407,213.0,153.05,0.13002,1.166422
408,32.0,151.99,0.12937,2.109622
409,154.0,149.62,0.12872,1.37707
410,161.0,147.55,0.12807,1.596088
411,177.0,148.05,0.12743,1.170799
412,135.0,147.52,0.1268,1.817277
413,26.0,145.69,0.12616,1.855663
414,221.0,146.26,0.12553,1.955812
415,108.0,146.36,0.1249,1.727105
416,15.0,143.92,0.12428,0.876144
417,13.0,143.07,0.12366,1.513437
418,24.0,140.67,0.12304,1.643436
419,151.0,141.66,0.12243,1.908934
420,122.0,140.87,0.12181,1.847973
421,51.0,139.72,0.1212,1.831616
422,69.0,138.59,0.1206,1.63335
423,42.0,137.63,0.12,1.242897
424,57.0,136.17,0.1194,1.365377
425,160.0,135.53,0.1188,1.803792
426,28.0,134.1,0.1182,0.599737
427,18.0,131.23,0.11761,0.413109
428,109.0,130.27,0.11702,1.296106
429,193.0,130.02,0.11644,1.483968
430,16.0,127.87,0.11586,1.285088
431,29.0,127.98,0.11528,1.396794
432,150.0,128.59,0.1147,2.033024
433,46.0,127.09,0.11413,1.50251
434,245.0,127.71,0.11356,1.157796
435,114.0,127.32,0.11299,1.86274
436,121.0,127.61,0.11243,1.356932
437,136.0,127.41,0.11186,1.179441
438,43.0,127.33,0.1113,1.242975
439,133.0,126.99,0.11075,1.661442
440,68.0,127.42,0.11019,0.941315
441,187.0,127.68,0.10964,1.758097
442,110.0,127.37,0.10909,1.59338
443,197.0,128.58,0.10855,1.790028
444,187.0,129.95,0.10801,1.916684
445,26.0,129.67,0.10747,1.754425
446,147.0,131.02,0.10693,1.306489
447,145.0,132.03,0.10639,1.17547
448,114.0,132.76,0.10586,1.372685
449,191.0,132.93,0.10533,1.469961
450,154.0,132.92,0.10481,1.142436
451,34.0,132.76,0.10428,3.780435
452,112.0,131.92,0.10376,1.572155
453,116.0,132.53,0.10324,1.682723
454,190.0,134.05,0.10273,1.764345
455,73.0,133.2,0.10221,1.286416
456,19.0,133.07,0.1017,1.006042
457,37.0,132.35,0.10119,1.355427
458,40.0,132.41,0.10069,0.888898
459,184.0,132.23,0.10018,1.981508
460,54.0,132.59,0.09968,2.423704
461,281.0,133.73,0.09918,1.745722
462,131.0,132.59,0.09869,1.199902
463,76.0,132.57,0.09819,0.84061
464,73.0,130.62,0.0977,1.47536
465,11.0,130.13,0.09721,4.322668
466,296.0,130.77,0.09673,1.662937
467,78.0,129.68,0.09625,1.670156
468,33.0,128.48,0.09576,1.047373
469,63.0,127.07,0.09529,1.686355
470,20.0,125.73,0.09481,2.397867
471,158.0,125.67,0.09433,2.425635
472,18.0,121.76,0.09386,1.106392
473,108.0,120.08,0.09339,1.756547
474,207.0,117.67,0.09293,1.139193
475,12.0,115.48,0.09246,0.296774
476,107.0,113.66,0.092,1.804404
477,70.0,114.15,0.09154,0.956352
478,208.0,114.32,0.09108,1.26593
479,113.0,113.99,0.09063,1.713047
480,97.0,111.91,0.09017,2.133888
481,152.0,112.96,0.08972,1.803816
482,140.0,114.14,0.08927,1.675455
483,170.0,114.67,0.08883,1.449577
484,167.0,114.5,0.08838,1.310478
485,156.0,114.34,0.08794,1.269181
486,67.0,114.88,0.0875,1.795249
487,176.0,115.42,0.08706,1.287838
488,147.0,115.49,0.08663,1.26616
489,114.0,114.99,0.0862,0.794949
490,101.0,114.3,0.08576,1.727846
491,252.0,115.34,0.08534,1.874322
492,121.0,116.25,0.08491,1.490115
493,327.0,116.85,0.08448,1.820605
494,133.0,117.98,0.08406,1.929034
495,86.0,117.63,0.08364,1.141221
496,86.0,117.36,0.08322,1.243982
497,35.0,117.37,0.08281,3.048193
498,317.0,118.92,0.08239,1.722962
499,186.0,120.27,0.08198,1.628262
500,189.0,120.7,0.08157,1.533102
501,305.0,122.44,0.08116,1.657911
502,240.0,122.61,0.08076,1.971939
503,233.0,123.15,0.08035,1.692273
504,156.0,122.43,0.07995,1.44373
505,132.0,123.22,0.07955,2.346634
506,279.0,123.24,0.07916,1.371508
507,194.0,123.05,0.07876,1.567207
508,245.0,125.18,0.07837,1.798184
509,183.0,125.47,0.07797,2.102693
510,177.0,125.63,0.07758,1.825443
511,149.0,125.35,0.0772,1.512259
512,39.0,124.39,0.07681,1.522468
513,162.0,125.75,0.07643,1.943301
514,210.0,125.64,0.07604,2.285081
515,119.0,125.75,0.07566,1.399109
516,129.0,126.89,0.07529,2.032722
517,97.0,127.73,0.07491,1.803893
518,126.0,128.75,0.07453,2.137892
519,322.0,130.46,0.07416,1.368617
520,58.0,129.82,0.07379,1.824279
521,112.0,130.43,0.07342,1.163378
522,18.0,129.92,0.07305,2.746303
523,97.0,130.47,0.07269,1.529228
524,172.0,131.62,0.07233,1.618051
525,109.0,131.11,0.07196,1.926354
526,111.0,131.94,0.0716,1.505192
527,36.0,132.12,0.07125,2.410953
528,97.0,132.0,0.07089,1.368598
529,22.0,130.29,0.07054,0.610303
530,96.0,131.09,0.07018,2.509501
531,74.0,131.54,0.06983,2.701201
532,15.0,130.19,0.06948,5.294406
533,110.0,130.83,0.06914,1.805364
534,152.0,129.9,0.06879,1.169321
535,113.0,129.89,0.06845,1.301981
536,29.0,128.97,0.0681,2.233505
537,171.0,129.32,0.06776,1.756821
538,106.0,129.95,0.06742,1.551747
539,67.0,129.29,0.06709,1.042765
540,31.0,128.92,0.06675,2.636121
541,53.0,127.58,0.06642,1.502188
542,100.0,127.48,0.06609,1.556212
543,45.0,125.96,0.06576,0.808067
544,67.0,124.76,0.06543,1.449775
545,100.0,125.5,0.0651,1.397867
546,115.0,125.18,0.06477,1.36419
547,29.0,124.02,0.06445,0.794471
548,132.0,124.2,0.06413,1.266273
549,51.0,122.8,0.06381,1.288183
550,44.0,121.7,0.06349,1.592796
551,100.0,122.36,0.06317,2.23963
552,167.0,122.91,0.06286,2.321713
553,193.0,123.68,0.06254,1.510758
554,92.0,122.7,0.06223,2.868872
555,97.0,122.94,0.06192,2.050964
556,212.0,124.87,0.06161,1.858671
557,113.0,125.63,0.0613,2.186795
558,107.0,126.3,0.06099,2.18701
559,55.0,125.01,0.06069,3.945222
560,37.0,124.84,0.06038,1.492798
561,212.0,124.15,0.06008,2.077945
562,61.0,123.45,0.05978,3.154603
563,90.0,123.59,0.05948,2.683721
564,374.0,126.6,0.05919,2.219242
565,216.0,128.65,0.05889,2.247692
566,123.0,126.92,0.0586,2.2444
567,91.0,127.05,0.0583,2.776497
568,11.0,126.83,0.05801,3.548357
569,104.0,127.24,0.05772,1.809813
570,252.0,129.56,0.05743,2.541565
571,92.0,128.9,0.05715,2.425682
572,100.0,129.72,0.05686,2.973252
573,87.0,129.51,0.05658,2.127534
574,100.0,128.44,0.05629,2.255923
575,202.0,130.34,0.05601,2.488563
576,98.0,130.25,0.05573,2.453388
577,41.0,129.96,0.05545,2.919078
578,94.0,128.82,0.05517,3.157641
579,169.0,129.38,0.0549,3.030574
580,64.0,129.05,0.05462,3.857763
581,89.0,128.42,0.05435,3.120265
582,142.0,128.44,0.05408,2.786824
583,95.0,127.69,0.05381,1.935163
584,88.0,126.9,0.05354,1.833644
585,101.0,126.35,0.05327,1.928787
586,99.0,126.67,0.05301,2.349799
587,96.0,125.87,0.05274,2.740861
588,17.0,124.57,0.05248,2.319366
589,122.0,124.65,0.05221,3.174715
590,97.0,124.61,0.05195,2.476062
591,114.0,123.23,0.05169,5.496576
592,90.0,122.92,0.05144,3.843393
593,242.0,122.07,0.05118,4.664608
594,92.0,121.66,0.05092,2.528014
595,95.0,121.75,0.05067,3.010455
596,173.0,122.62,0.05041,2.816856
597,97.0,123.24,0.05016,4.349339
598,94.0,121.01,0.04991,3.461141
599,93.0,120.08,0.04966,2.639874
600,96.0,119.15,0.04941,2.418424
601,27.0,116.37,0.04917,2.273482
602,69.0,114.66,0.04892,3.538643
603,83.0,113.16,0.04868,5.175569
604,12.0,111.72,0.04843,1.332915
605,63.0,111.03,0.04819,5.005898
606,91.0,109.15,0.04795,3.805457
607,23.0,107.44,0.04771,4.835449
608,83.0,105.82,0.04747,5.944677
609,31.0,104.3,0.04723,5.325933
610,25.0,102.78,0.047,2.754803
611,39.0,101.68,0.04676,2.29944
612,86.0,102.15,0.04653,3.584573
613,11.0,100.64,0.0463,3.651089
614,13.0,98.67,0.04607,7.653824
615,86.0,98.34,0.04583,6.276763
616,87.0,97.92,0.04561,3.977832
617,35.0,97.3,0.04538,5.754799
618,88.0,96.92,0.04515,4.50904
619,21.0,93.91,0.04492,0.616814
620,42.0,93.75,0.0447,2.731557
621,66.0,93.29,0.04448,5.536587
622,86.0,93.97,0.04425,6.444811
623,50.0,93.5,0.04403,10.105244
624,57.0,92.35,0.04381,3.710798
625,88.0,92.14,0.04359,4.329209
626,12.0,91.15,0.04338,19.586962
627,37.0,91.16,0.04316,1.651124
628,56.0,90.75,0.04294,7.161139
629,93.0,91.46,0.04273,3.967664
630,59.0,91.09,0.04251,8.923868
631,88.0,91.23,0.0423,4.207302
632,86.0,91.94,0.04209,6.111913
633,92.0,91.76,0.04188,6.255169
634,86.0,91.1,0.04167,3.710219
635,99.0,90.96,0.04146,5.965612
636,90.0,91.57,0.04126,5.171356
637,45.0,90.31,0.04105,1.697626
638,89.0,90.14,0.04084,2.66765
639,93.0,90.4,0.04064,4.099789
640,41.0,90.5,0.04044,1.409645
641,87.0,90.84,0.04023,6.231495
642,53.0,90.37,0.04003,3.293539
643,74.0,90.66,0.03983,5.346176
644,89.0,90.88,0.03963,4.709858
645,87.0,90.75,0.03944,4.946592
646,88.0,90.48,0.03924,7.086504
647,66.0,90.85,0.03904,5.198035
648,72.0,90.25,0.03885,4.645593
649,72.0,90.46,0.03865,11.697808
650,82.0,90.84,0.03846,2.993933
651,91.0,90.75,0.03827,7.654206
652,90.0,89.98,0.03808,5.171527
653,91.0,88.96,0.03789,5.291402
654,98.0,89.02,0.0377,7.005958
655,89.0,88.94,0.03751,8.612046
656,92.0,87.74,0.03732,6.497602
657,91.0,87.52,0.03713,6.308162
658,96.0,87.41,0.03695,8.589248
659,97.0,87.83,0.03676,9.794309
660,90.0,88.36,0.03658,7.706816
661,90.0,87.14,0.0364,5.891734
662,93.0,87.46,0.03621,5.96999
663,94.0,87.5,0.03603,8.775058
664,96.0,84.72,0.03585,6.219514
665,96.0,83.52,0.03567,4.344427
666,93.0,83.22,0.0355,9.129848
667,92.0,83.23,0.03532,3.188698
668,93.0,84.05,0.03514,7.452639
669,92.0,83.93,0.03497,4.442234
670,97.0,82.38,0.03479,9.254266
671,97.0,82.43,0.03462,4.626878
672,99.0,82.42,0.03444,8.125241
673,97.0,82.52,0.03427,9.092115
674,99.0,82.51,0.0341,6.203798
675,103.0,81.52,0.03393,7.356276
676,103.0,81.57,0.03376,9.441078
677,103.0,82.19,0.03359,7.708072
678,99.0,82.24,0.03342,6.893524
679,105.0,81.6,0.03326,5.69669
680,63.0,81.59,0.03309,8.501411
681,104.0,81.74,0.03292,11.970021
682,104.0,81.36,0.03276,8.164551
683,101.0,81.42,0.0326,5.818302
684,110.0,81.64,0.03243,9.211927
685,105.0,81.68,0.03227,8.184943
686,111.0,81.8,0.03211,8.221339
687,112.0,81.96,0.03195,5.972624
688,108.0,82.87,0.03179,6.95327
689,106.0,82.71,0.03163,10.144176
690,107.0,82.81,0.03147,7.247986
691,99.0,82.66,0.03131,7.857847
692,97.0,82.73,0.03116,9.896251
693,95.0,81.26,0.031,8.617592
694,107.0,81.41,0.03085,8.950952
695,99.0,81.45,0.03069,8.517002
696,97.0,80.69,0.03054,8.216914
697,106.0,80.78,0.03039,8.499662
698,103.0,80.87,0.03024,11.24166
699,100.0,80.94,0.03008,9.475749
700,93.0,80.91,0.02993,6.345634
701,105.0,81.69,0.02978,13.219637
702,108.0,82.08,0.02963,7.001156
703,110.0,82.35,0.02949,7.445805
704,95.0,83.18,0.02934,7.704555
705,109.0,83.64,0.02919,7.640966
706,110.0,83.83,0.02905,9.488958
707,111.0,84.71,0.0289,8.856243
708,118.0,85.06,0.02876,8.107305
709,127.0,86.02,0.02861,7.252507
710,107.0,86.84,0.02847,10.760448
711,70.0,87.15,0.02833,12.574991
712,108.0,87.37,0.02819,6.983518
713,96.0,88.22,0.02805,7.753221
714,97.0,89.06,0.0279,7.967495
715,95.0,89.15,0.02777,7.647042
716,101.0,89.29,0.02763,9.849359
717,80.0,89.74,0.02749,7.010604
718,112.0,89.98,0.02735,13.208486
719,110.0,90.87,0.02721,7.095566
720,108.0,91.53,0.02708,8.511856
721,71.0,91.58,0.02694,7.02024
722,125.0,91.97,0.02681,9.775983
723,99.0,92.46,0.02667,10.91286
724,77.0,92.66,0.02654,9.675536
725,100.0,92.78,0.02641,9.889272
726,24.0,92.9,0.02628,5.010368
727,32.0,92.85,0.02614,7.961319
728,106.0,93.35,0.02601,7.307075
729,111.0,93.53,0.02588,10.37932
730,102.0,93.96,0.02575,11.236424
731,106.0,94.14,0.02563,9.087744
732,95.0,94.23,0.0255,11.176296
733,140.0,94.71,0.02537,8.849213
734,106.0,94.91,0.02524,13.195662
735,114.0,95.06,0.02512,9.511881
736,116.0,95.32,0.02499,8.486494
737,121.0,96.08,0.02487,10.069644
738,115.0,96.34,0.02474,10.194287
739,134.0,96.75,0.02462,7.829884
740,120.0,97.54,0.0245,9.038
741,137.0,98.04,0.02437,12.455975
742,259.0,100.1,0.02425,9.593231
743,116.0,100.52,0.02413,11.496972
744,171.0,101.34,0.02401,9.046006
745,250.0,102.97,0.02389,9.05198
746,122.0,103.31,0.02377,9.062787
747,114.0,103.79,0.02365,7.872101
748,171.0,104.78,0.02353,9.824488
749,238.0,106.44,0.02341,10.771726
750,227.0,107.89,0.0233,10.73235
751,143.0,108.41,0.02318,9.617802
752,141.0,108.92,0.02307,11.935364
753,151.0,109.52,0.02295,10.843186
754,182.0,110.36,0.02284,6.424334
755,213.0,111.6,0.02272,8.705508
756,249.0,113.17,0.02261,8.370432
757,180.0,114.06,0.02249,9.984781
758,218.0,115.28,0.02238,8.001135
759,132.0,115.63,0.02227,6.986366
760,191.0,116.64,0.02216,9.606289
761,148.0,117.22,0.02205,7.290951
762,133.0,117.62,0.02194,8.670827
763,170.0,118.38,0.02183,9.693147
764,173.0,119.15,0.02172,10.345982
765,105.0,119.24,0.02161,9.891204
766,119.0,119.5,0.0215,7.613994
767,471.0,123.29,0.02139,8.22947
768,185.0,124.21,0.02129,8.200153
769,165.0,124.94,0.02118,6.323581
770,392.0,127.89,0.02108,8.78879
771,134.0,128.26,0.02097,5.297267
772,500.0,132.27,0.02086,7.290113
773,353.0,134.83,0.02076,8.940527
774,303.0,136.87,0.02066,7.071975
775,246.0,138.3,0.02055,6.800308
776,500.0,142.27,0.02045,6.862922
777,43.0,141.67,0.02035,11.221714
778,347.0,144.15,0.02025,7.142143
779,184.0,144.94,0.02015,6.427017
780,356.0,147.87,0.02004,8.118737
781,255.0,149.38,0.01994,8.311283
782,106.0,149.4,0.01984,6.653235
783,162.0,150.01,0.01975,5.866408
784,339.0,152.3,0.01965,7.428506
785,330.0,154.55,0.01955,5.599572
786,166.0,155.1,0.01945,6.359651
787,138.0,155.36,0.01935,7.949913
788,77.0,155.05,0.01926,7.900581
789,117.0,155.16,0.01916,7.67257
790,150.0,155.59,0.01906,5.805721
791,146.0,156.06,0.01897,8.060467
792,122.0,156.31,0.01887,7.513678
793,166.0,157.02,0.01878,7.958039
794,145.0,157.4,0.01869,6.382061
795,163.0,158.04,0.01859,5.100838
796,224.0,159.31,0.0185,6.082093
797,125.0,159.5,0.01841,4.708582
798,198.0,160.45,0.01832,5.916662
799,200.0,161.45,0.01822,8.484983
800,119.0,161.71,0.01813,6.596498
801,118.0,161.84,0.01804,4.726339
802,106.0,161.82,0.01795,7.880649
803,150.0,162.22,0.01786,7.63672
804,156.0,162.83,0.01777,7.526122
805,125.0,162.99,0.01768,6.069599
806,113.0,163.02,0.0176,7.850832
807,176.0,163.67,0.01751,5.162692
808,116.0,163.65,0.01742,6.638561
809,112.0,163.5,0.01733,5.135826
810,104.0,163.47,0.01725,6.508367
811,305.0,165.82,0.01716,6.444443
812,47.0,165.21,0.01707,5.515096
813,134.0,165.59,0.01699,7.331296
814,214.0,166.76,0.0169,5.536372
815,34.0,166.15,0.01682,9.428784
816,136.0,166.5,0.01674,7.685821
817,114.0,166.84,0.01665,4.139296
818,123.0,166.95,0.01657,6.260183
819,116.0,167.01,0.01649,8.051605
820,135.0,167.28,0.0164,6.995274
821,135.0,167.92,0.01632,6.331475
822,141.0,168.08,0.01624,6.552619
823,157.0,168.66,0.01616,4.707129
824,113.0,169.02,0.01608,6.412731
825,141.0,169.43,0.016,5.203373
826,140.0,170.59,0.01592,7.461286
827,129.0,171.56,0.01584,7.927219
828,111.0,171.61,0.01576,6.715691
829,106.0,171.56,0.01568,3.665253
830,128.0,171.82,0.0156,6.981556
831,115.0,171.91,0.01552,6.787446
832,218.0,173.14,0.01545,5.18125
833,119.0,172.93,0.01537,3.699585
834,103.0,172.9,0.01529,4.934406
835,136.0,173.12,0.01522,5.695374
836,109.0,173.05,0.01514,7.299438
837,124.0,173.08,0.01506,5.673938
838,103.0,172.96,0.01499,4.497841
839,106.0,172.68,0.01491,3.896322
840,106.0,172.54,0.01484,5.280345
841,94.0,172.11,0.01476,5.715075
842,99.0,170.51,0.01469,7.890286
843,112.0,170.47,0.01462,3.779093
844,99.0,169.75,0.01454,5.472216
845,102.0,168.27,0.01447,6.384887
846,105.0,168.1,0.0144,3.122482
847,104.0,168.0,0.01433,4.460771
848,105.0,167.34,0.01426,6.112514
849,182.0,166.78,0.01418,5.056355
850,117.0,165.68,0.01411,4.96424
851,95.0,165.2,0.01404,4.293335
852,89.0,164.68,0.01397,4.017808
853,94.0,164.11,0.0139,5.155327
854,89.0,163.18,0.01383,5.042964
855,89.0,161.94,0.01376,3.51537
856,91.0,160.36,0.01369,5.33402
857,91.0,159.47,0.01363,5.945341
858,94.0,158.23,0.01356,3.712561
859,94.0,157.85,0.01349,4.733407
860,88.0,156.82,0.01342,5.129904
861,91.0,156.25,0.01336,3.980759
862,101.0,155.93,0.01329,5.13177
863,98.0,155.21,0.01322,2.457342
864,102.0,154.5,0.01316,5.421961
865,98.0,154.43,0.01309,3.559315
866,96.0,154.2,0.01303,5.638427
867,102.0,150.51,0.01296,3.754941
868,40.0,149.06,0.0129,6.094244
869,92.0,148.33,0.01283,6.299709
870,96.0,145.37,0.01277,4.135463
871,102.0,145.05,0.0127,4.821555
872,102.0,141.07,0.01264,3.956044
873,101.0,138.55,0.01258,4.675592
874,101.0,136.53,0.01251,3.459685
875,96.0,135.03,0.01245,3.608672
876,84.0,130.87,0.01239,2.88215
877,97.0,131.41,0.01233,7.093138
878,89.0,128.83,0.01226,2.959517
879,99.0,127.98,0.0122,2.655721
880,91.0,125.33,0.01214,6.344047
881,94.0,123.72,0.01208,4.561622
882,95.0,123.61,0.01202,5.89102
883,100.0,122.99,0.01196,3.73829
884,96.0,120.56,0.0119,4.054455
885,91.0,118.17,0.01184,5.081243
886,90.0,117.41,0.01178,2.433118
887,100.0,117.03,0.01172,2.578931
888,91.0,117.17,0.01167,3.056132
889,108.0,117.08,0.01161,4.359556
890,23.0,115.81,0.01155,1.607814
891,92.0,115.27,0.01149,3.658956
892,98.0,115.03,0.01143,5.339403
893,97.0,114.34,0.01138,3.674139
894,95.0,113.84,0.01132,7.210046
895,102.0,113.23,0.01126,3.475687
896,92.0,111.91,0.01121,3.439002
897,92.0,111.58,0.01115,7.493264
898,92.0,110.52,0.01109,3.741627
899,95.0,109.47,0.01104,2.258901
900,97.0,109.25,0.01098,4.763626
901,120.0,109.27,0.01093,3.452391
902,240.0,110.61,0.01087,4.293573
903,249.0,111.6,0.01082,3.567301
904,160.0,111.64,0.01077,4.088248
905,120.0,111.59,0.01071,3.92529
906,138.0,111.84,0.01066,2.411125
907,113.0,111.21,0.01061,4.552031
908,128.0,111.33,0.01055,3.293087
909,114.0,111.35,0.0105,2.52846
910,154.0,111.85,0.01045,3.858097
911,121.0,110.01,0.0104,4.805733
912,128.0,110.82,0.01034,4.664154
913,116.0,110.64,0.01029,4.236303
914,111.0,109.61,0.01024,2.232058
915,116.0,110.43,0.01019,5.614793
916,110.0,110.17,0.01014,5.259979
917,105.0,110.08,0.01009,2.470296
918,108.0,109.93,0.01004,4.980538
919,119.0,109.96,0.01,4.640235
920,110.0,109.71,0.01,5.709475
921,109.0,109.45,0.01,4.380857
922,102.0,109.06,0.01,5.691381
923,106.0,108.55,0.01,3.185855
924,100.0,108.42,0.01,4.970853
925,98.0,107.99,0.01,5.29193
926,116.0,107.75,0.01,4.152625
927,135.0,107.81,0.01,2.795755
928,105.0,107.75,0.01,4.924656
929,107.0,107.76,0.01,3.201051
930,117.0,107.65,0.01,2.708269
931,97.0,107.47,0.01,4.951956
932,96.0,106.25,0.01,2.966854
933,92.0,105.98,0.01,2.617866
934,106.0,106.01,0.01,2.044849
935,93.0,105.58,0.01,3.76342
936,94.0,105.43,0.01,2.950042
937,98.0,105.17,0.01,4.061224
938,96.0,105.1,0.01,2.00585
939,93.0,104.97,0.01,5.267165
940,101.0,104.92,0.01,4.530815
941,92.0,104.9,0.01,4.251005
942,96.0,104.87,0.01,4.879226
943,97.0,104.72,0.01,3.06772
944,97.0,104.7,0.01,2.788875
945,101.0,104.69,0.01,1.590207
946,98.0,104.62,0.01,3.109283
947,90.0,104.48,0.01,2.294899
948,95.0,104.38,0.01,4.299725
949,88.0,103.44,0.01,3.874039
950,93.0,103.2,0.01,3.858688
951,99.0,103.24,0.01,5.082137
952,108.0,103.43,0.01,5.058017
953,99.0,103.48,0.01,4.617023
954,122.0,103.81,0.01,3.361535
955,147.0,104.39,0.01,4.204342
956,111.0,104.59,0.01,3.945618
957,115.0,104.83,0.01,3.704317
958,101.0,104.9,0.01,4.478658
959,113.0,105.09,0.01,2.531285
960,104.0,105.25,0.01,4.626837
961,108.0,105.42,0.01,3.791383
962,102.0,105.43,0.01,2.969335
963,106.0,105.51,0.01,4.987304
964,110.0,105.59,0.01,2.319988
965,105.0,105.66,0.01,3.831026
966,99.0,105.69,0.01,6.205724
967,109.0,105.76,0.01,3.460071
968,109.0,106.45,0.01,2.883979
969,113.0,106.66,0.01,2.229548
970,104.0,106.74,0.01,3.70412
971,117.0,106.89,0.01,2.018194
972,124.0,107.11,0.01,5.544155
973,106.0,107.16,0.01,1.889304
974,109.0,107.24,0.01,4.027174
975,135.0,107.63,0.01,4.752509
976,260.0,109.39,0.01,3.109125
977,129.0,109.71,0.01,3.533995
978,116.0,109.98,0.01,2.7734
979,108.0,110.07,0.01,3.570463
980,114.0,110.3,0.01,3.415566
981,147.0,110.83,0.01,3.624702
982,451.0,114.39,0.01,4.453666
983,500.0,118.39,0.01,4.618338
984,500.0,122.43,0.01,3.99919
985,500.0,126.52,0.01,3.407695
986,500.0,130.62,0.01,3.968227
987,287.0,132.49,0.01,3.60014
988,500.0,136.58,0.01,3.395797
989,155.0,137.05,0.01,3.34358
990,433.0,141.15,0.01,4.126861
991,500.0,145.23,0.01,3.914266
992,198.0,146.23,0.01,3.865969
993,246.0,147.72,0.01,4.54397
994,500.0,151.77,0.01,3.425356
995,500.0,155.75,0.01,3.210875
996,500.0,159.83,0.01,3.186719
997,309.0,162.0,0.01,4.185799
998,404.0,165.12,0.01,3.415855
999,490.0,169.07,0.01,3.523908
1000,500.0,173.1,0.01,4.010727
